event,fsa
Nashville Predators,00A
Nashville Predators,00B
Montreal Canadiens,00E
Florida Panthers,00G
Montreal Canadiens,00H
Florida Panthers,00J
Ottawa Senators,00K
Toronto Maple Leafs,00L
Toronto Maple Leafs,00M
Vegas Golden Knights,00N
Toronto Maple Leafs,00P
Winnipeg Jets,00R
Vegas Golden Knights,00S
Calgary Flames,00T
Vancouver Canucks,00V
Toronto Maple Leafs,00X
Vancouver Canucks,00Y
Montreal Canadiens,0H2
Winnipeg Jets,0R3
Vancouver Canucks,1B4
Montreal Canadiens,1KV
Toronto Maple Leafs,1LS
Montreal Canadiens,1M0
Vancouver Canucks,1P6
Vancouver Canucks,1X1
Calgary Flames,24R
Vancouver Canucks,2B9
Calgary Flames,2TB
Montreal Canadiens,2X5
Vancouver Canucks,36J
Florida Panthers,3GE
Vancouver Canucks,45J
Vancouver Canucks,6B0
Edmonton Oilers,6T6
Tampa Bay Lightning,80E
Montreal Canadiens,80P
Toronto Maple Leafs,A0A
Toronto Maple Leafs,A0B
Montreal Canadiens,A0C
Montreal Canadiens,A0E
Montreal Canadiens,A0G
Montreal Canadiens,A0H
Toronto Maple Leafs,A0J
Montreal Canadiens,A0K
Toronto Maple Leafs,A0L
Toronto Maple Leafs,A0M
Montreal Canadiens,A0N
Montreal Canadiens,A0P
Montreal Canadiens,A0R
Montreal Canadiens,A1A
Montreal Canadiens,A1B
Montreal Canadiens,A1C
Toronto Maple Leafs,A1E
Toronto Maple Leafs,A1G
Tampa Bay Lightning,A1H
Montreal Canadiens,A1K
Montreal Canadiens,A1L
Toronto Maple Leafs,A1M
Montreal Canadiens,A1N
Montreal Canadiens,A1S
Montreal Canadiens,A1V
Tampa Bay Lightning,A1W
Montreal Canadiens,A1X
Toronto Maple Leafs,A1Y
Toronto Maple Leafs,A2A
Toronto Maple Leafs,A2B
Toronto Maple Leafs,A2H
Montreal Canadiens,A2N
Montreal Canadiens,A2V
Montreal Canadiens,A5A
Montreal Canadiens,A5V
Edmonton Oilers,A6V
Toronto Maple Leafs,A8A
Calgary Flames,ALB
Montreal Canadiens,AOA
Boston Bruins,AOE
Montreal Canadiens,AOP
Edmonton Oilers,AOR
Montreal Canadiens,B0C
Montreal Canadiens,B0E
Toronto Maple Leafs,B0H
Montreal Canadiens,B0J
Montreal Canadiens,B0K
Ottawa Senators,B0L
Montreal Canadiens,B0M
Montreal Canadiens,B0N
Toronto Maple Leafs,B0P
Toronto Maple Leafs,B0R
Montreal Canadiens,B0S
Montreal Canadiens,B0T
Ottawa Senators,B0V
Montreal Canadiens,B0W
Montreal Canadiens,B1A
Vegas Golden Knights,B1B
Toronto Maple Leafs,B1C
Montreal Canadiens,B1E
Pittsburgh Penguins,B1G
Montreal Canadiens,B1H
Tampa Bay Lightning,B1J
Montreal Canadiens,B1K
Boston Bruins,B1L
Ottawa Senators,B1M
Montreal Canadiens,B1N
Montreal Canadiens,B1P
Boston Bruins,B1R
Tampa Bay Lightning,B1S
Vancouver Canucks,B1T
Montreal Canadiens,B1V
Boston Bruins,B1W
Toronto Maple Leafs,B1X
Montreal Canadiens,B1Y
Montreal Canadiens,B2A
Anaheim Ducks,B2B
Tampa Bay Lightning,B2G
Montreal Canadiens,B2H
St. Louis Blues,B2K
Montreal Canadiens,B2N
Boston Bruins,B2R
Montreal Canadiens,B2S
Montreal Canadiens,B2T
Montreal Canadiens,B2V
Montreal Canadiens,B2W
Tampa Bay Lightning,B2X
Montreal Canadiens,B2Y
Montreal Canadiens,B2Z
Montreal Canadiens,B3A
Montreal Canadiens,B3B
Montreal Canadiens,B3E
Montreal Canadiens,B3G
Montreal Canadiens,B3H
Montreal Canadiens,B3J
Montreal Canadiens,B3K
Montreal Canadiens,B3L
Toronto Maple Leafs,B3M
Montreal Canadiens,B3N
Montreal Canadiens,B3P
Boston Bruins,B3R
Montreal Canadiens,B3S
Montreal Canadiens,B3T
Toronto Maple Leafs,B3V
New Jersey Devils,B3Y
Montreal Canadiens,B3Z
Tampa Bay Lightning,B4A
Montreal Canadiens,B4B
Montreal Canadiens,B4C
Montreal Canadiens,B4E
Montreal Canadiens,B4G
Montreal Canadiens,B4H
Vegas Golden Knights,B4M
Nashville Predators,B4N
Ottawa Senators,B4P
Montreal Canadiens,B4R
Montreal Canadiens,B4V
Tampa Bay Lightning,B4W
Montreal Canadiens,B4Y
Montreal Canadiens,B5A
Montreal Canadiens,B6L
Vancouver Canucks,B6X
Montreal Canadiens,B9A
Florida Panthers,B9K
Vancouver Canucks,B9W
Montreal Canadiens,BCA
Vancouver Canucks,BCV
Buffalo Sabres,BOE
Vancouver Canucks,BON
Ottawa Senators,BOT
Montreal Canadiens,BOW
Montreal Canadiens,C0A
Toronto Maple Leafs,C0B
Toronto Maple Leafs,C0C
Montreal Canadiens,C18
Montreal Canadiens,C1A
Montreal Canadiens,C1B
Toronto Maple Leafs,C1C
Montreal Canadiens,C1E
Montreal Canadiens,C1G
Montreal Canadiens,C1N
Arizona Coyotes,C2C
Ottawa Senators,C2N
Vancouver Canucks,CAN
Montreal Canadiens,COA
Montreal Canadiens,D0W
Tampa Bay Lightning,D1D
Vancouver Canucks,D6A
Vegas Golden Knights,D9T
Vancouver Canucks,DOH
Nashville Predators,E0B
Montreal Canadiens,E1A
Montreal Canadiens,E1B
Montreal Canadiens,E1C
Montreal Canadiens,E1E
Montreal Canadiens,E1G
Montreal Canadiens,E1H
Boston Bruins,E1J
Montreal Canadiens,E1N
Montreal Canadiens,E1V
Montreal Canadiens,E1W
Montreal Canadiens,E1X
Montreal Canadiens,E2A
Montreal Canadiens,E2E
Montreal Canadiens,E2G
Boston Bruins,E2H
Montreal Canadiens,E2J
Boston Bruins,E2K
Montreal Canadiens,E2L
Boston Bruins,E2M
Montreal Canadiens,E2N
Boston Bruins,E2P
Toronto Maple Leafs,E2S
Montreal Canadiens,E2V
Montreal Canadiens,E3A
Montreal Canadiens,E3B
Montreal Canadiens,E3C
Boston Bruins,E3E
Montreal Canadiens,E3G
Montreal Canadiens,E3L
Montreal Canadiens,E3N
Montreal Canadiens,E3V
Montreal Canadiens,E3Y
Toronto Maple Leafs,E3Z
Montreal Canadiens,E4A
Montreal Canadiens,E4B
Montreal Canadiens,E4C
Montreal Canadiens,E4E
Toronto Maple Leafs,E4G
Boston Bruins,E4H
Montreal Canadiens,E4J
Tampa Bay Lightning,E4K
Montreal Canadiens,E4L
Montreal Canadiens,E4M
Tampa Bay Lightning,E4N
Montreal Canadiens,E4P
Toronto Maple Leafs,E4R
Montreal Canadiens,E4S
Ottawa Senators,E4T
Montreal Canadiens,E4V
Montreal Canadiens,E4W
Ottawa Senators,E4X
Montreal Canadiens,E4Y
Boston Bruins,E4Z
Boston Bruins,E5A
Montreal Canadiens,E5B
Boston Bruins,E5C
New Jersey Devils,E5E
Montreal Canadiens,E5G
Boston Bruins,E5H
Boston Bruins,E5J
Montreal Canadiens,E5K
Montreal Canadiens,E5L
Montreal Canadiens,E5M
Montreal Canadiens,E5N
Montreal Canadiens,E5P
Montreal Canadiens,E5R
Montreal Canadiens,E5S
Montreal Canadiens,E5T
Boston Bruins,E5V
Arizona Coyotes,E6A
Boston Bruins,E6B
Nashville Predators,E6C
Boston Bruins,E6E
Montreal Canadiens,E6G
Boston Bruins,E6H
Toronto Maple Leafs,E6J
Boston Bruins,E6K
Tampa Bay Lightning,E6L
Montreal Canadiens,E7A
Montreal Canadiens,E7B
Montreal Canadiens,E7C
Montreal Canadiens,E7E
Boston Bruins,E7G
Boston Bruins,E7H
Toronto Maple Leafs,E7J
Vegas Golden Knights,E7K
Montreal Canadiens,E7L
Boston Bruins,E7M
Boston Bruins,E7N
Tampa Bay Lightning,E7P
Montreal Canadiens,E8A
Montreal Canadiens,E8B
Boston Bruins,E8C
Montreal Canadiens,E8E
Montreal Canadiens,E8G
Montreal Canadiens,E8J
Montreal Canadiens,E8K
Montreal Canadiens,E8M
Nashville Predators,E8N
Montreal Canadiens,E8P
Montreal Canadiens,E8R
Montreal Canadiens,E8S
Montreal Canadiens,E8T
Montreal Canadiens,E9A
Montreal Canadiens,E9B
Montreal Canadiens,E9C
Vegas Golden Knights,E9E
Boston Bruins,E9G
Toronto Maple Leafs,E9H
Montreal Canadiens,EVE
Edmonton Oilers,F4R
Calgary Flames,F7J
Toronto Maple Leafs,F7K
Edmonton Oilers,F9V
Montreal Canadiens,G0A
Montreal Canadiens,G0C
Montreal Canadiens,G0E
Montreal Canadiens,G0G
Montreal Canadiens,G0H
Montreal Canadiens,G0J
Vegas Golden Knights,G0K
Montreal Canadiens,G0L
Vegas Golden Knights,G0M
Montreal Canadiens,G0N
Montreal Canadiens,G0P
Ottawa Senators,G0Q
Montreal Canadiens,G0R
Montreal Canadiens,G0S
Montreal Canadiens,G0T
Montreal Canadiens,G0V
Montreal Canadiens,G0W
Montreal Canadiens,G0X
Montreal Canadiens,G0Y
Florida Panthers,G0Z
Montreal Canadiens,G1B
Boston Bruins,G1C
Montreal Canadiens,G1E
Montreal Canadiens,G1G
Montreal Canadiens,G1H
Vegas Golden Knights,G1J
Montreal Canadiens,G1K
Boston Bruins,G1L
Vegas Golden Knights,G1M
Winnipeg Jets,G1N
Vegas Golden Knights,G1P
Vegas Golden Knights,G1R
Montreal Canadiens,G1S
Ottawa Senators,G1T
Montreal Canadiens,G1V
Florida Panthers,G1W
Vegas Golden Knights,G1X
Florida Panthers,G1Y
Montreal Canadiens,G2A
Boston Bruins,G2B
Buffalo Sabres,G2C
Florida Panthers,G2E
Montreal Canadiens,G2G
Vegas Golden Knights,G2J
Montreal Canadiens,G2K
Montreal Canadiens,G2L
Montreal Canadiens,G2M
Vegas Golden Knights,G2N
Montreal Canadiens,G3A
Vegas Golden Knights,G3B
Vegas Golden Knights,G3C
Montreal Canadiens,G3E
Montreal Canadiens,G3G
Montreal Canadiens,G3H
Montreal Canadiens,G3J
Montreal Canadiens,G3K
Montreal Canadiens,G3L
New York Rangers,G3M
Washington Capitals,G3N
Vegas Golden Knights,G3S
Montreal Canadiens,G3Z
Toronto Maple Leafs,G4A
Montreal Canadiens,G4R
Philadelphia Flyers,G4S
Montreal Canadiens,G4T
Montreal Canadiens,G4V
Montreal Canadiens,G4W
Montreal Canadiens,G4X
Florida Panthers,G4Z
Florida Panthers,G5A
Montreal Canadiens,G5B
Montreal Canadiens,G5C
New York Rangers,G5H
Montreal Canadiens,G5J
Florida Panthers,G5K
Montreal Canadiens,G5L
Montreal Canadiens,G5M
Ottawa Senators,G5N
Montreal Canadiens,G5R
Ottawa Senators,G5T
Nashville Predators,G5V
Montreal Canadiens,G5X
Montreal Canadiens,G5Y
Montreal Canadiens,G5Z
Calgary Flames,G6A
Winnipeg Jets,G6B
Vegas Golden Knights,G6C
Montreal Canadiens,G6E
Montreal Canadiens,G6G
Vegas Golden Knights,G6H
Vegas Golden Knights,G6J
Montreal Canadiens,G6K
Calgary Flames,G6L
Montreal Canadiens,G6P
Montreal Canadiens,G6R
Montreal Canadiens,G6S
Montreal Canadiens,G6T
Montreal Canadiens,G6V
Montreal Canadiens,G6W
Montreal Canadiens,G6X
Florida Panthers,G6Y
Montreal Canadiens,G6Z
Montreal Canadiens,G7A
New York Rangers,G7B
Florida Panthers,G7C
Montreal Canadiens,G7G
Montreal Canadiens,G7H
Montreal Canadiens,G7J
Montreal Canadiens,G7N
Florida Panthers,G7P
Vancouver Canucks,G7R
Vegas Golden Knights,G7S
Chicago Blackhawks,G7T
Montreal Canadiens,G7X
Boston Bruins,G7Z
Montreal Canadiens,G8A
Florida Panthers,G8B
Montreal Canadiens,G8C
Montreal Canadiens,G8E
Ottawa Senators,G8G
Montreal Canadiens,G8H
Montreal Canadiens,G8J
New York Rangers,G8K
Florida Panthers,G8L
Montreal Canadiens,G8M
Florida Panthers,G8N
Chicago Blackhawks,G8P
Montreal Canadiens,G8T
Montreal Canadiens,G8V
Florida Panthers,G8W
Montreal Canadiens,G8Y
Montreal Canadiens,G8Z
Montreal Canadiens,G9A
Vegas Golden Knights,G9B
Montreal Canadiens,G9C
Vegas Golden Knights,G9H
Montreal Canadiens,G9N
Vegas Golden Knights,G9P
Vegas Golden Knights,G9R
New York Rangers,G9T
Florida Panthers,G9X
Montreal Canadiens,GOA
Montreal Canadiens,GOC
Montreal Canadiens,GOL
Montreal Canadiens,GOV
Montreal Canadiens,GOW
Montreal Canadiens,GOX
Philadelphia Flyers,GT6
Montreal Canadiens,H 4
Winnipeg Jets,H0H
Ottawa Senators,H0M
Montreal Canadiens,H1A
Montreal Canadiens,H1B
Montreal Canadiens,H1C
Montreal Canadiens,H1E
Montreal Canadiens,H1G
Montreal Canadiens,H1H
Montreal Canadiens,H1J
Montreal Canadiens,H1K
Montreal Canadiens,H1L
Montreal Canadiens,H1M
Montreal Canadiens,H1N
Montreal Canadiens,H1P
Montreal Canadiens,H1R
Montreal Canadiens,H1S
Montreal Canadiens,H1T
Montreal Canadiens,H1V
Montreal Canadiens,H1W
Montreal Canadiens,H1X
Montreal Canadiens,H1Y
Montreal Canadiens,H1Z
Montreal Canadiens,H22
Montreal Canadiens,H2A
Montreal Canadiens,H2B
Montreal Canadiens,H2C
Montreal Canadiens,H2E
Montreal Canadiens,H2G
Montreal Canadiens,H2H
Montreal Canadiens,H2J
Montreal Canadiens,H2K
Montreal Canadiens,H2L
Montreal Canadiens,H2M
Anaheim Ducks,H2N
Montreal Canadiens,H2P
Montreal Canadiens,H2R
Montreal Canadiens,H2S
Montreal Canadiens,H2T
Montreal Canadiens,H2V
Montreal Canadiens,H2W
Montreal Canadiens,H2X
Montreal Canadiens,H2Y
Montreal Canadiens,H2Z
Montreal Canadiens,H3A
Montreal Canadiens,H3B
Montreal Canadiens,H3C
Montreal Canadiens,H3E
Montreal Canadiens,H3G
Montreal Canadiens,H3H
Montreal Canadiens,H3J
Montreal Canadiens,H3K
Montreal Canadiens,H3L
Montreal Canadiens,H3M
Montreal Canadiens,H3N
Montreal Canadiens,H3P
Montreal Canadiens,H3R
Montreal Canadiens,H3S
Montreal Canadiens,H3T
Montreal Canadiens,H3V
Montreal Canadiens,H3W
Montreal Canadiens,H3X
Montreal Canadiens,H3Y
Montreal Canadiens,H3Z
Montreal Canadiens,H4A
Montreal Canadiens,H4B
Montreal Canadiens,H4C
Montreal Canadiens,H4E
Montreal Canadiens,H4G
Montreal Canadiens,H4H
Montreal Canadiens,H4J
Montreal Canadiens,H4K
Montreal Canadiens,H4L
Montreal Canadiens,H4M
Montreal Canadiens,H4N
Vancouver Canucks,H4P
Montreal Canadiens,H4R
Montreal Canadiens,H4S
Montreal Canadiens,H4T
Montreal Canadiens,H4V
Montreal Canadiens,H4W
Montreal Canadiens,H4X
Montreal Canadiens,H4Z
Vegas Golden Knights,H5A
Montreal Canadiens,H5B
Montreal Canadiens,H7A
Boston Bruins,H7B
Montreal Canadiens,H7C
Montreal Canadiens,H7E
Montreal Canadiens,H7G
Vegas Golden Knights,H7H
Montreal Canadiens,H7J
Montreal Canadiens,H7K
Montreal Canadiens,H7L
Montreal Canadiens,H7M
Montreal Canadiens,H7N
Montreal Canadiens,H7P
Montreal Canadiens,H7R
Montreal Canadiens,H7S
Montreal Canadiens,H7T
Montreal Canadiens,H7V
Montreal Canadiens,H7W
Montreal Canadiens,H7X
Montreal Canadiens,H7Y
Montreal Canadiens,H8H
Montreal Canadiens,H8N
Montreal Canadiens,H8P
Montreal Canadiens,H8R
Montreal Canadiens,H8S
Montreal Canadiens,H8T
Montreal Canadiens,H8Y
Montreal Canadiens,H8Z
Montreal Canadiens,H9A
Montreal Canadiens,H9B
Montreal Canadiens,H9C
Montreal Canadiens,H9E
Montreal Canadiens,H9G
Montreal Canadiens,H9H
Montreal Canadiens,H9J
Montreal Canadiens,H9K
Montreal Canadiens,H9P
Montreal Canadiens,H9R
Montreal Canadiens,H9S
Montreal Canadiens,H9W
Montreal Canadiens,H9X
Montreal Canadiens,HEW
Montreal Canadiens,HH3
Philadelphia Flyers,HTC
Montreal Canadiens,J0A
Montreal Canadiens,J0B
Montreal Canadiens,J0C
Montreal Canadiens,J0E
Montreal Canadiens,J0F
Montreal Canadiens,J0G
Montreal Canadiens,J0H
Montreal Canadiens,J0J
Montreal Canadiens,J0K
Montreal Canadiens,J0L
Montreal Canadiens,J0M
Montreal Canadiens,J0N
Montreal Canadiens,J0P
Montreal Canadiens,J0R
Montreal Canadiens,J0S
Montreal Canadiens,J0T
Montreal Canadiens,J0V
Boston Bruins,J0W
Ottawa Senators,J0X
Montreal Canadiens,J0Y
Montreal Canadiens,J0Z
Vegas Golden Knights,J1A
Vegas Golden Knights,J1C
Montreal Canadiens,J1E
Montreal Canadiens,J1G
Montreal Canadiens,J1H
Florida Panthers,J1J
Montreal Canadiens,J1K
Montreal Canadiens,J1L
Montreal Canadiens,J1M
Montreal Canadiens,J1N
Montreal Canadiens,J1R
Montreal Canadiens,J1S
Montreal Canadiens,J1T
Montreal Canadiens,J1V
Boston Bruins,J1X
New York Rangers,J1Z
Montreal Canadiens,J2A
Montreal Canadiens,J2B
Montreal Canadiens,J2C
Vegas Golden Knights,J2E
Montreal Canadiens,J2G
Montreal Canadiens,J2H
Montreal Canadiens,J2J
Montreal Canadiens,J2K
Montreal Canadiens,J2L
Montreal Canadiens,J2M
Florida Panthers,J2N
Montreal Canadiens,J2R
Montreal Canadiens,J2S
Montreal Canadiens,J2T
Montreal Canadiens,J2W
Montreal Canadiens,J2X
Montreal Canadiens,J2Y
Montreal Canadiens,J3A
Montreal Canadiens,J3B
Montreal Canadiens,J3E
Montreal Canadiens,J3G
Montreal Canadiens,J3H
Montreal Canadiens,J3L
Montreal Canadiens,J3M
Montreal Canadiens,J3N
Montreal Canadiens,J3P
Chicago Blackhawks,J3R
Boston Bruins,J3T
Montreal Canadiens,J3V
Montreal Canadiens,J3X
Montreal Canadiens,J3Y
Montreal Canadiens,J3Z
Montreal Canadiens,J4B
Montreal Canadiens,J4G
Montreal Canadiens,J4H
Montreal Canadiens,J4J
Montreal Canadiens,J4K
Montreal Canadiens,J4L
Montreal Canadiens,J4M
Montreal Canadiens,J4N
Montreal Canadiens,J4P
Montreal Canadiens,J4R
Montreal Canadiens,J4S
Montreal Canadiens,J4T
Montreal Canadiens,J4V
Montreal Canadiens,J4W
Montreal Canadiens,J4X
Montreal Canadiens,J4Y
Montreal Canadiens,J4Z
Montreal Canadiens,J5A
Ottawa Senators,J5B
Montreal Canadiens,J5C
Montreal Canadiens,J5J
Tampa Bay Lightning,J5K
Montreal Canadiens,J5L
Montreal Canadiens,J5M
Montreal Canadiens,J5R
Nashville Predators,J5T
Tampa Bay Lightning,J5V
Vegas Golden Knights,J5W
Chicago Blackhawks,J5X
Montreal Canadiens,J5Y
Montreal Canadiens,J5Z
Montreal Canadiens,J6A
Montreal Canadiens,J6E
Montreal Canadiens,J6J
Montreal Canadiens,J6K
Montreal Canadiens,J6N
Montreal Canadiens,J6R
Montreal Canadiens,J6S
Montreal Canadiens,J6T
Montreal Canadiens,J6V
Montreal Canadiens,J6W
Montreal Canadiens,J6X
Montreal Canadiens,J6Y
Montreal Canadiens,J6Z
Nashville Predators,J7A
Montreal Canadiens,J7B
Montreal Canadiens,J7C
Montreal Canadiens,J7E
Montreal Canadiens,J7G
The NHL 100,J7H
Montreal Canadiens,J7J
Montreal Canadiens,J7K
Montreal Canadiens,J7L
Vegas Golden Knights,J7M
Montreal Canadiens,J7N
Montreal Canadiens,J7P
Montreal Canadiens,J7R
Montreal Canadiens,J7T
Montreal Canadiens,J7V
Montreal Canadiens,J7W
Vegas Golden Knights,J7X
Montreal Canadiens,J7Y
Montreal Canadiens,J7Z
Montreal Canadiens,J8A
Montreal Canadiens,J8B
Montreal Canadiens,J8C
Montreal Canadiens,J8E
Montreal Canadiens,J8G
Montreal Canadiens,J8H
Montreal Canadiens,J8L
Ottawa Senators,J8M
Ottawa Senators,J8N
Montreal Canadiens,J8P
Ottawa Senators,J8R
Ottawa Senators,J8T
Ottawa Senators,J8V
Ottawa Senators,J8X
Ottawa Senators,J8Y
Ottawa Senators,J8Z
Ottawa Senators,J9A
Ottawa Senators,J9B
Ottawa Senators,J9E
Ottawa Senators,J9H
Ottawa Senators,J9J
Florida Panthers,J9L
Montreal Canadiens,J9P
Boston Bruins,J9T
Montreal Canadiens,J9V
Montreal Canadiens,J9X
Montreal Canadiens,J9Y
Montreal Canadiens,J9Z
Montreal Canadiens,JOB
Ottawa Senators,JOJ
Montreal Canadiens,JOK
Florida Panthers,JOL
Montreal Canadiens,JOM
Ottawa Senators,JOP
Montreal Canadiens,JOR
Montreal Canadiens,JOX
Montreal Canadiens,JOZ
Montreal Canadiens,JT7
Florida Panthers,JVB
Montreal Canadiens,K O
Ottawa Senators,K01
Ottawa Senators,K0A
Montreal Canadiens,K0B
Ottawa Senators,K0C
Ottawa Senators,K0D
Ottawa Senators,K0E
Ottawa Senators,K0G
Ottawa Senators,K0H
Ottawa Senators,K0J
Ottawa Senators,K0K
Ottawa Senators,K0L
Toronto Maple Leafs,K0M
Ottawa Senators,K17
Ottawa Senators,K1A
Ottawa Senators,K1B
Ottawa Senators,K1C
Ottawa Senators,K1E
Ottawa Senators,K1G
Ottawa Senators,K1H
Ottawa Senators,K1J
Ottawa Senators,K1K
Ottawa Senators,K1L
Ottawa Senators,K1M
Ottawa Senators,K1N
Ottawa Senators,K1P
Ottawa Senators,K1R
Ottawa Senators,K1S
Ottawa Senators,K1T
Ottawa Senators,K1V
Ottawa Senators,K1W
Ottawa Senators,K1X
Ottawa Senators,K1Y
Ottawa Senators,K1Z
Ottawa Senators,K20
Ottawa Senators,K2A
Ottawa Senators,K2B
Ottawa Senators,K2C
Ottawa Senators,K2E
Ottawa Senators,K2G
Ottawa Senators,K2H
Ottawa Senators,K2J
Ottawa Senators,K2K
Ottawa Senators,K2L
Ottawa Senators,K2M
Ottawa Senators,K2N
Ottawa Senators,K2P
Toronto Maple Leafs,K2R
Ottawa Senators,K2S
Ottawa Senators,K2T
Ottawa Senators,K2V
Ottawa Senators,K2W
Montreal Canadiens,K2Z
Ottawa Senators,K4A
Ottawa Senators,K4B
Montreal Canadiens,K4C
Ottawa Senators,K4K
Ottawa Senators,K4M
Ottawa Senators,K4P
Ottawa Senators,K4R
Montreal Canadiens,K5H
Ottawa Senators,K6A
Ottawa Senators,K6H
Ottawa Senators,K6J
Ottawa Senators,K6K
Ottawa Senators,K6T
Ottawa Senators,K6V
Ottawa Senators,K7A
Ottawa Senators,K7C
Ottawa Senators,K7G
Ottawa Senators,K7H
Ottawa Senators,K7K
Toronto Maple Leafs,K7L
Ottawa Senators,K7M
Ottawa Senators,K7N
Ottawa Senators,K7P
Ottawa Senators,K7R
Ottawa Senators,K7S
Ottawa Senators,K7V
Ottawa Senators,K8A
Ottawa Senators,K8B
Ottawa Senators,K8H
Toronto Maple Leafs,K8N
Toronto Maple Leafs,K8P
Ottawa Senators,K8R
Toronto Maple Leafs,K8V
Ottawa Senators,K9A
Toronto Maple Leafs,K9H
Toronto Maple Leafs,K9J
Toronto Maple Leafs,K9K
Toronto Maple Leafs,K9L
Toronto Maple Leafs,K9V
Ottawa Senators,KM0
Ottawa Senators,KOA
Ottawa Senators,KOC
Ottawa Senators,KOE
Ottawa Senators,KOH
Ottawa Senators,KOJ
Ottawa Senators,KOK
Ottawa Senators,KOL
Ottawa Senators,KY1
Buffalo Sabres,L05
Toronto Maple Leafs,L0A
Toronto Maple Leafs,L0B
Toronto Maple Leafs,L0C
Toronto Maple Leafs,L0E
Toronto Maple Leafs,L0G
Buffalo Sabres,L0H
Toronto Maple Leafs,L0J
Toronto Maple Leafs,L0K
Toronto Maple Leafs,L0L
Toronto Maple Leafs,L0M
Toronto Maple Leafs,L0N
Toronto Maple Leafs,L0P
Buffalo Sabres,L0R
Buffalo Sabres,L0S
Toronto Maple Leafs,L1A
Toronto Maple Leafs,L1B
Toronto Maple Leafs,L1C
Toronto Maple Leafs,L1E
Toronto Maple Leafs,L1G
Toronto Maple Leafs,L1H
Toronto Maple Leafs,L1J
Toronto Maple Leafs,L1K
Toronto Maple Leafs,L1L
Toronto Maple Leafs,L1M
Toronto Maple Leafs,L1N
Toronto Maple Leafs,L1P
Toronto Maple Leafs,L1R
Toronto Maple Leafs,L1S
Toronto Maple Leafs,L1T
Toronto Maple Leafs,L1V
Toronto Maple Leafs,L1W
Toronto Maple Leafs,L1X
Toronto Maple Leafs,L1Y
Toronto Maple Leafs,L1Z
Buffalo Sabres,L2A
Buffalo Sabres,L2E
Buffalo Sabres,L2G
Buffalo Sabres,L2H
Buffalo Sabres,L2J
Buffalo Sabres,L2M
Buffalo Sabres,L2N
Buffalo Sabres,L2P
Buffalo Sabres,L2R
Buffalo Sabres,L2S
Buffalo Sabres,L2T
Buffalo Sabres,L2V
Vegas Golden Knights,L2W
Buffalo Sabres,L3B
Buffalo Sabres,L3C
Buffalo Sabres,L3K
Buffalo Sabres,L3M
Toronto Maple Leafs,L3P
Toronto Maple Leafs,L3R
Toronto Maple Leafs,L3S
Toronto Maple Leafs,L3T
Toronto Maple Leafs,L3V
Toronto Maple Leafs,L3X
Toronto Maple Leafs,L3Y
Toronto Maple Leafs,L3Z
Toronto Maple Leafs,L4A
Toronto Maple Leafs,L4B
Toronto Maple Leafs,L4C
Toronto Maple Leafs,L4E
Toronto Maple Leafs,L4G
Toronto Maple Leafs,L4H
Toronto Maple Leafs,L4J
Toronto Maple Leafs,L4K
Toronto Maple Leafs,L4L
Toronto Maple Leafs,L4M
Toronto Maple Leafs,L4N
Toronto Maple Leafs,L4P
Toronto Maple Leafs,L4R
Toronto Maple Leafs,L4S
Toronto Maple Leafs,L4T
Toronto Maple Leafs,L4V
Toronto Maple Leafs,L4W
Toronto Maple Leafs,L4X
Toronto Maple Leafs,L4Y
Toronto Maple Leafs,L4Z
Toronto Maple Leafs,L5A
Toronto Maple Leafs,L5B
Toronto Maple Leafs,L5C
Toronto Maple Leafs,L5E
Toronto Maple Leafs,L5G
Toronto Maple Leafs,L5H
Toronto Maple Leafs,L5J
Toronto Maple Leafs,L5K
Toronto Maple Leafs,L5L
Toronto Maple Leafs,L5M
Toronto Maple Leafs,L5N
Vegas Golden Knights,L5P
Toronto Maple Leafs,L5R
Toronto Maple Leafs,L5S
Toronto Maple Leafs,L5T
Toronto Maple Leafs,L5V
Boston Bruins,L5W
Arizona Coyotes,L68
Toronto Maple Leafs,L6A
Toronto Maple Leafs,L6B
Pittsburgh Penguins,L6C
Toronto Maple Leafs,L6E
Toronto Maple Leafs,L6G
Toronto Maple Leafs,L6H
Toronto Maple Leafs,L6J
Toronto Maple Leafs,L6K
Toronto Maple Leafs,L6L
Toronto Maple Leafs,L6M
Toronto Maple Leafs,L6P
Toronto Maple Leafs,L6R
Toronto Maple Leafs,L6S
Toronto Maple Leafs,L6T
Toronto Maple Leafs,L6V
Toronto Maple Leafs,L6W
Toronto Maple Leafs,L6X
Toronto Maple Leafs,L6Y
Toronto Maple Leafs,L6Z
Toronto Maple Leafs,L7A
Toronto Maple Leafs,L7B
Toronto Maple Leafs,L7C
Toronto Maple Leafs,L7E
Toronto Maple Leafs,L7G
Toronto Maple Leafs,L7J
Toronto Maple Leafs,L7K
Toronto Maple Leafs,L7L
Buffalo Sabres,L7M
Buffalo Sabres,L7N
Toronto Maple Leafs,L7P
Toronto Maple Leafs,L7R
Toronto Maple Leafs,L7S
Toronto Maple Leafs,L7T
Toronto Maple Leafs,L7V
Pittsburgh Penguins,L89
Toronto Maple Leafs,L8B
Toronto Maple Leafs,L8E
Buffalo Sabres,L8G
Buffalo Sabres,L8H
Buffalo Sabres,L8J
Buffalo Sabres,L8K
Toronto Maple Leafs,L8L
Buffalo Sabres,L8M
Toronto Maple Leafs,L8N
Buffalo Sabres,L8P
Toronto Maple Leafs,L8R
Toronto Maple Leafs,L8S
Toronto Maple Leafs,L8T
Toronto Maple Leafs,L8V
Buffalo Sabres,L8W
Toronto Maple Leafs,L9A
Buffalo Sabres,L9B
Toronto Maple Leafs,L9C
Toronto Maple Leafs,L9E
Buffalo Sabres,L9G
Toronto Maple Leafs,L9H
Buffalo Sabres,L9J
Buffalo Sabres,L9K
Toronto Maple Leafs,L9L
Toronto Maple Leafs,L9M
Toronto Maple Leafs,L9N
Toronto Maple Leafs,L9P
Toronto Maple Leafs,L9R
Toronto Maple Leafs,L9S
Toronto Maple Leafs,L9T
Toronto Maple Leafs,L9V
Toronto Maple Leafs,L9W
Toronto Maple Leafs,L9X
Toronto Maple Leafs,L9Y
Toronto Maple Leafs,L9Z
Buffalo Sabres,LE8
Toronto Maple Leafs,LL1
Tampa Bay Lightning,LOB
Toronto Maple Leafs,LOG
Pittsburgh Penguins,LOL
Columbus Blue Jackets,LOS
Toronto Maple Leafs,LS2
Colorado Avalanche,M0A
Toronto Maple Leafs,M0L
Toronto Maple Leafs,M1B
Toronto Maple Leafs,M1C
Toronto Maple Leafs,M1E
Toronto Maple Leafs,M1G
Toronto Maple Leafs,M1H
Toronto Maple Leafs,M1J
Toronto Maple Leafs,M1K
Toronto Maple Leafs,M1L
Toronto Maple Leafs,M1M
Toronto Maple Leafs,M1N
Toronto Maple Leafs,M1P
Montreal Canadiens,M1R
Toronto Maple Leafs,M1S
Toronto Maple Leafs,M1T
Montreal Canadiens,M1V
Toronto Maple Leafs,M1W
Toronto Maple Leafs,M1X
Toronto Maple Leafs,M2H
Toronto Maple Leafs,M2J
Toronto Maple Leafs,M2K
Toronto Maple Leafs,M2L
Toronto Maple Leafs,M2M
Toronto Maple Leafs,M2N
St. Louis Blues,M2P
Toronto Maple Leafs,M2R
Toronto Maple Leafs,M3A
Toronto Maple Leafs,M3B
Toronto Maple Leafs,M3C
Toronto Maple Leafs,M3H
Toronto Maple Leafs,M3J
Toronto Maple Leafs,M3K
Toronto Maple Leafs,M3L
Toronto Maple Leafs,M3M
Toronto Maple Leafs,M3N
Toronto Maple Leafs,M4A
Toronto Maple Leafs,M4B
Toronto Maple Leafs,M4C
Toronto Maple Leafs,M4E
Toronto Maple Leafs,M4G
Toronto Maple Leafs,M4H
Toronto Maple Leafs,M4J
Toronto Maple Leafs,M4K
Toronto Maple Leafs,M4L
Toronto Maple Leafs,M4M
Toronto Maple Leafs,M4N
Toronto Maple Leafs,M4P
Toronto Maple Leafs,M4R
Toronto Maple Leafs,M4S
Toronto Maple Leafs,M4T
Toronto Maple Leafs,M4V
Toronto Maple Leafs,M4W
Toronto Maple Leafs,M4X
Toronto Maple Leafs,M4Y
Toronto Maple Leafs,M5A
Toronto Maple Leafs,M5B
Toronto Maple Leafs,M5C
Toronto Maple Leafs,M5E
Toronto Maple Leafs,M5G
Toronto Maple Leafs,M5H
Toronto Maple Leafs,M5J
Toronto Maple Leafs,M5K
Calgary Flames,M5L
Toronto Maple Leafs,M5M
Toronto Maple Leafs,M5N
Toronto Maple Leafs,M5P
Toronto Maple Leafs,M5R
Toronto Maple Leafs,M5S
Toronto Maple Leafs,M5T
Toronto Maple Leafs,M5V
Toronto Maple Leafs,M5X
Toronto Maple Leafs,M6A
Toronto Maple Leafs,M6B
Toronto Maple Leafs,M6C
Toronto Maple Leafs,M6E
Toronto Maple Leafs,M6G
Toronto Maple Leafs,M6H
Toronto Maple Leafs,M6J
Toronto Maple Leafs,M6K
Toronto Maple Leafs,M6L
Toronto Maple Leafs,M6M
Toronto Maple Leafs,M6N
Toronto Maple Leafs,M6O
Toronto Maple Leafs,M6P
Toronto Maple Leafs,M6R
Toronto Maple Leafs,M6S
NHL All Star SuperSkills,M7A
Ottawa Senators,M7M
Toronto Maple Leafs,M8V
Toronto Maple Leafs,M8W
Toronto Maple Leafs,M8X
Toronto Maple Leafs,M8Y
Toronto Maple Leafs,M8Z
Toronto Maple Leafs,M9A
Toronto Maple Leafs,M9B
Toronto Maple Leafs,M9C
Toronto Maple Leafs,M9L
Toronto Maple Leafs,M9M
Toronto Maple Leafs,M9N
Toronto Maple Leafs,M9P
Toronto Maple Leafs,M9R
Toronto Maple Leafs,M9V
Toronto Maple Leafs,M9W
Montreal Canadiens,MIG
Anaheim Ducks,MK4
Montreal Canadiens,MON
Detroit Red Wings,N01
Ottawa Senators,N02
Tampa Bay Lightning,N03
Buffalo Sabres,N0A
Buffalo Sabres,N0B
Toronto Maple Leafs,N0C
Toronto Maple Leafs,N0E
Toronto Maple Leafs,N0G
Toronto Maple Leafs,N0H
Buffalo Sabres,N0J
Detroit Red Wings,N0K
Toronto Maple Leafs,N0L
Toronto Maple Leafs,N0M
Detroit Red Wings,N0N
Detroit Red Wings,N0P
Detroit Red Wings,N0R
Buffalo Sabres,N1A
Buffalo Sabres,N1C
Toronto Maple Leafs,N1E
Buffalo Sabres,N1G
Toronto Maple Leafs,N1H
Buffalo Sabres,N1K
Toronto Maple Leafs,N1L
Toronto Maple Leafs,N1M
Toronto Maple Leafs,N1P
Toronto Maple Leafs,N1R
Toronto Maple Leafs,N1S
Toronto Maple Leafs,N1T
Buffalo Sabres,N2A
Buffalo Sabres,N2B
Buffalo Sabres,N2C
Buffalo Sabres,N2E
Toronto Maple Leafs,N2G
Buffalo Sabres,N2H
Toronto Maple Leafs,N2J
Buffalo Sabres,N2K
Toronto Maple Leafs,N2L
Toronto Maple Leafs,N2M
Toronto Maple Leafs,N2N
Toronto Maple Leafs,N2P
Toronto Maple Leafs,N2R
Toronto Maple Leafs,N2T
Toronto Maple Leafs,N2V
Toronto Maple Leafs,N2Z
Toronto Maple Leafs,N3A
Toronto Maple Leafs,N3B
Toronto Maple Leafs,N3C
Toronto Maple Leafs,N3E
Toronto Maple Leafs,N3H
Buffalo Sabres,N3L
Montreal Canadiens,N3P
Toronto Maple Leafs,N3R
Toronto Maple Leafs,N3S
Buffalo Sabres,N3T
Toronto Maple Leafs,N3V
Buffalo Sabres,N3W
Toronto Maple Leafs,N3Y
Toronto Maple Leafs,N4B
Toronto Maple Leafs,N4G
Toronto Maple Leafs,N4K
Toronto Maple Leafs,N4L
Toronto Maple Leafs,N4N
Toronto Maple Leafs,N4S
Toronto Maple Leafs,N4T
Toronto Maple Leafs,N4V
Toronto Maple Leafs,N4W
Montreal Canadiens,N4X
Detroit Red Wings,N4Z
Toronto Maple Leafs,N5A
Toronto Maple Leafs,N5C
Toronto Maple Leafs,N5H
Toronto Maple Leafs,N5L
Toronto Maple Leafs,N5P
Detroit Red Wings,N5R
Toronto Maple Leafs,N5V
Detroit Red Wings,N5W
Toronto Maple Leafs,N5X
Toronto Maple Leafs,N5Y
Toronto Maple Leafs,N5Z
Toronto Maple Leafs,N6A
Toronto Maple Leafs,N6B
Detroit Red Wings,N6C
Toronto Maple Leafs,N6E
Toronto Maple Leafs,N6G
Toronto Maple Leafs,N6H
Detroit Red Wings,N6J
Toronto Maple Leafs,N6K
Pittsburgh Penguins,N6L
Detroit Red Wings,N6M
Buffalo Sabres,N6N
Detroit Red Wings,N6P
Florida Panthers,N6R
Detroit Red Wings,N6V
Toronto Maple Leafs,N7A
Buffalo Sabres,N7G
Detroit Red Wings,N7L
Detroit Red Wings,N7M
Detroit Red Wings,N7S
Detroit Red Wings,N7T
Detroit Red Wings,N7V
Detroit Red Wings,N7W
Detroit Red Wings,N7X
Detroit Red Wings,N8A
Detroit Red Wings,N8H
Detroit Red Wings,N8M
Detroit Red Wings,N8N
Detroit Red Wings,N8P
Detroit Red Wings,N8R
Detroit Red Wings,N8S
Detroit Red Wings,N8T
Detroit Red Wings,N8W
Detroit Red Wings,N8X
Detroit Red Wings,N8Y
Detroit Red Wings,N9A
Detroit Red Wings,N9B
Detroit Red Wings,N9C
Detroit Red Wings,N9E
Detroit Red Wings,N9G
Detroit Red Wings,N9H
Detroit Red Wings,N9J
Detroit Red Wings,N9K
Detroit Red Wings,N9V
Toronto Maple Leafs,N9W
Detroit Red Wings,N9Y
Montreal Canadiens,NOA
New York Rangers,NOB
Detroit Red Wings,NOE
Ottawa Senators,NOG
Buffalo Sabres,NOH
Detroit Red Wings,NOJ
Columbus Blue Jackets,NOK
Buffalo Sabres,NOM
Detroit Red Wings,NOP
Montreal Canadiens,NOR
Buffalo Sabres,NP6
Florida Panthers,NSG
Detroit Red Wings,NT2
Chicago Blackhawks,O5H
Boston Bruins,ONT
Ottawa Senators,P01
Edmonton Oilers,P08
Boston Bruins,P0A
Toronto Maple Leafs,P0B
Tampa Bay Lightning,P0C
Buffalo Sabres,P0E
Toronto Maple Leafs,P0G
Ottawa Senators,P0H
Toronto Maple Leafs,P0J
Toronto Maple Leafs,P0K
Toronto Maple Leafs,P0L
Toronto Maple Leafs,P0M
Toronto Maple Leafs,P0N
Toronto Maple Leafs,P0P
Toronto Maple Leafs,P0R
Toronto Maple Leafs,P0S
Toronto Maple Leafs,P0T
Winnipeg Jets,P0V
Winnipeg Jets,P0W
Winnipeg Jets,P0X
Ottawa Senators,P1A
Ottawa Senators,P1B
Toronto Maple Leafs,P1C
Toronto Maple Leafs,P1H
Toronto Maple Leafs,P1L
Toronto Maple Leafs,P1P
Toronto Maple Leafs,P2A
Ottawa Senators,P2B
Toronto Maple Leafs,P2G
Toronto Maple Leafs,P2N
Edmonton Oilers,P2Z
Toronto Maple Leafs,P3A
Ottawa Senators,P3B
Toronto Maple Leafs,P3C
Toronto Maple Leafs,P3E
Ottawa Senators,P3G
Calgary Flames,P3J
Ottawa Senators,P3L
Ottawa Senators,P3N
Chicago Blackhawks,P3O
Montreal Canadiens,P3P
Toronto Maple Leafs,P3Y
Toronto Maple Leafs,P4N
Toronto Maple Leafs,P4P
Toronto Maple Leafs,P4R
Toronto Maple Leafs,P5A
Vegas Golden Knights,P5B
Buffalo Sabres,P5E
Edmonton Oilers,P5H
Ottawa Senators,P5N
Edmonton Oilers,P5Z
Toronto Maple Leafs,P6A
Toronto Maple Leafs,P6B
Detroit Red Wings,P6C
Edmonton Oilers,P6L
Minnesota Wild,P7A
Toronto Maple Leafs,P7B
Minnesota Wild,P7C
Minnesota Wild,P7E
Toronto Maple Leafs,P7G
Minnesota Wild,P7J
Minnesota Wild,P7K
Toronto Maple Leafs,P7L
Anaheim Ducks,P7Y
Winnipeg Jets,P8N
Winnipeg Jets,P8T
Winnipeg Jets,P9A
Winnipeg Jets,P9N
Vegas Golden Knights,POM
Toronto Maple Leafs,PON
Winnipeg Jets,POT
Winnipeg Jets,POV
Minnesota Wild,POW
Winnipeg Jets,POX
Montreal Canadiens,QUE
Florida Panthers,R06
Winnipeg Jets,R0A
Winnipeg Jets,R0B
Winnipeg Jets,R0C
Winnipeg Jets,R0E
Winnipeg Jets,R0G
Winnipeg Jets,R0H
Winnipeg Jets,R0J
Winnipeg Jets,R0K
Winnipeg Jets,R0L
Winnipeg Jets,R0M
Winnipeg Jets,R0W
Winnipeg Jets,R0Y
Winnipeg Jets,R1A
Minnesota Wild,R1B
Winnipeg Jets,R1C
Winnipeg Jets,R1N
Winnipeg Jets,R2C
Vegas Golden Knights,R2E
Winnipeg Jets,R2G
Winnipeg Jets,R2H
Winnipeg Jets,R2J
Winnipeg Jets,R2K
Winnipeg Jets,R2L
Winnipeg Jets,R2M
Winnipeg Jets,R2N
Winnipeg Jets,R2P
Winnipeg Jets,R2R
Calgary Flames,R2T
Winnipeg Jets,R2V
Winnipeg Jets,R2W
Vegas Golden Knights,R2X
Winnipeg Jets,R2Y
Winnipeg Jets,R3A
Winnipeg Jets,R3B
Winnipeg Jets,R3C
Winnipeg Jets,R3D
Winnipeg Jets,R3E
Winnipeg Jets,R3G
Winnipeg Jets,R3H
Winnipeg Jets,R3J
Winnipeg Jets,R3K
Winnipeg Jets,R3L
Winnipeg Jets,R3M
Winnipeg Jets,R3N
Winnipeg Jets,R3P
Winnipeg Jets,R3R
Vegas Golden Knights,R3S
Winnipeg Jets,R3T
Winnipeg Jets,R3V
Winnipeg Jets,R3W
Winnipeg Jets,R3X
Vegas Golden Knights,R3Y
Winnipeg Jets,R4A
Vegas Golden Knights,R4G
Vegas Golden Knights,R4H
Vegas Golden Knights,R4J
Winnipeg Jets,R4K
Winnipeg Jets,R4L
Vegas Golden Knights,R5A
Winnipeg Jets,R5G
Winnipeg Jets,R5H
Arizona Coyotes,R5K
Winnipeg Jets,R6M
New York Rangers,R6N
Winnipeg Jets,R6W
Winnipeg Jets,R7A
Vegas Golden Knights,R7B
Vegas Golden Knights,R7C
Winnipeg Jets,R7N
Winnipeg Jets,R8A
Winnipeg Jets,R8N
Winnipeg Jets,R9A
Winnipeg Jets,RC3
Calgary Flames,RH4
Winnipeg Jets,ROB
New York Rangers,ROC
Winnipeg Jets,ROE
Arizona Coyotes,ROG
Winnipeg Jets,ROH
Winnipeg Jets,ROJ
Edmonton Oilers,ROL
Winnipeg Jets,ROM
Vegas Golden Knights,S 0
Edmonton Oilers,S08
Winnipeg Jets,S0A
Winnipeg Jets,S0C
Edmonton Oilers,S0E
Vegas Golden Knights,S0G
Vegas Golden Knights,S0H
Edmonton Oilers,S0J
Edmonton Oilers,S0K
Edmonton Oilers,S0L
Edmonton Oilers,S0M
Calgary Flames,S0N
Edmonton Oilers,S0P
Edmonton Oilers,S2V
Edmonton Oilers,S3N
Edmonton Oilers,S4A
Vegas Golden Knights,S4F
Vegas Golden Knights,S4H
Edmonton Oilers,S4L
Edmonton Oilers,S4N
Vegas Golden Knights,S4P
Vegas Golden Knights,S4R
Calgary Flames,S4S
Vegas Golden Knights,S4T
Vegas Golden Knights,S4V
Vegas Golden Knights,S4W
Vegas Golden Knights,S4X
Montreal Canadiens,S4Y
Vegas Golden Knights,S4Z
Calgary Flames,S5X
Calgary Flames,S61
Vegas Golden Knights,S6H
Vegas Golden Knights,S6J
Winnipeg Jets,S6K
Edmonton Oilers,S6V
NHL Heritage Classic,S6W
Edmonton Oilers,S6X
Edmonton Oilers,S7C
Vegas Golden Knights,S7H
Edmonton Oilers,S7I
Vegas Golden Knights,S7J
Edmonton Oilers,S7K
Edmonton Oilers,S7L
Edmonton Oilers,S7M
Edmonton Oilers,S7N
Vegas Golden Knights,S7P
Edmonton Oilers,S7R
Vegas Golden Knights,S7S
Calgary Flames,S7T
Vegas Golden Knights,S7V
Edmonton Oilers,S7W
Edmonton Oilers,S9A
Nashville Predators,S9H
Edmonton Oilers,S9K
Edmonton Oilers,S9V
Edmonton Oilers,S9X
Nashville Predators,SOA
Edmonton Oilers,SOE
Vegas Golden Knights,SOG
Vegas Golden Knights,SOJ
Edmonton Oilers,SOL
Vegas Golden Knights,SOM
Calgary Flames,SON
Edmonton Oilers,SOP
Montreal Canadiens,SS3
Vancouver Canucks,STA
Edmonton Oilers,SW7
Calgary Flames,T 1
Edmonton Oilers,T 7
Edmonton Oilers,T08
Edmonton Oilers,T0A
Edmonton Oilers,T0B
Edmonton Oilers,T0C
Edmonton Oilers,T0E
Edmonton Oilers,T0G
Edmonton Oilers,T0H
Calgary Flames,T0J
Calgary Flames,T0K
Calgary Flames,T0L
Calgary Flames,T0M
Edmonton Oilers,T0P
Toronto Maple Leafs,T0T
Vegas Golden Knights,T1-
Calgary Flames,T1A
Calgary Flames,T1B
Calgary Flames,T1C
Calgary Flames,T1G
Calgary Flames,T1H
Calgary Flames,T1J
Calgary Flames,T1K
Calgary Flames,T1L
Calgary Flames,T1M
Calgary Flames,T1P
Calgary Flames,T1R
Calgary Flames,T1S
Calgary Flames,T1V
Calgary Flames,T1W
Calgary Flames,T1X
Calgary Flames,T1Y
Calgary Flames,T1Z
Calgary Flames,T2A
Calgary Flames,T2B
Calgary Flames,T2C
Calgary Flames,T2E
Calgary Flames,T2G
Calgary Flames,T2H
Calgary Flames,T2J
Calgary Flames,T2K
Calgary Flames,T2L
Calgary Flames,T2M
Calgary Flames,T2N
Calgary Flames,T2P
Calgary Flames,T2R
Calgary Flames,T2S
Calgary Flames,T2T
Calgary Flames,T2V
Calgary Flames,T2W
Calgary Flames,T2X
Calgary Flames,T2Y
Calgary Flames,T2Z
Calgary Flames,T3A
Calgary Flames,T3B
Calgary Flames,T3C
Calgary Flames,T3E
Calgary Flames,T3G
Calgary Flames,T3H
Calgary Flames,T3J
Calgary Flames,T3K
Calgary Flames,T3L
Calgary Flames,T3M
Calgary Flames,T3N
Calgary Flames,T3P
Calgary Flames,T3R
Vegas Golden Knights,T3S
Calgary Flames,T3Y
Calgary Flames,T3Z
Calgary Flames,T4A
Calgary Flames,T4B
Calgary Flames,T4C
Calgary Flames,T4E
Calgary Flames,T4G
Calgary Flames,T4H
Edmonton Oilers,T4J
Vegas Golden Knights,T4L
Edmonton Oilers,T4M
Edmonton Oilers,T4N
Edmonton Oilers,T4P
Edmonton Oilers,T4R
Edmonton Oilers,T4S
Edmonton Oilers,T4T
Edmonton Oilers,T4V
Edmonton Oilers,T4X
Edmonton Oilers,T58
Edmonton Oilers,T5A
Edmonton Oilers,T5B
Edmonton Oilers,T5C
Edmonton Oilers,T5E
Edmonton Oilers,T5G
Edmonton Oilers,T5H
Edmonton Oilers,T5J
Edmonton Oilers,T5K
Edmonton Oilers,T5L
Edmonton Oilers,T5M
Edmonton Oilers,T5N
Edmonton Oilers,T5P
Edmonton Oilers,T5R
Edmonton Oilers,T5S
Edmonton Oilers,T5T
Edmonton Oilers,T5V
Edmonton Oilers,T5W
Edmonton Oilers,T5X
Edmonton Oilers,T5Y
Edmonton Oilers,T5Z
Vegas Golden Knights,T64
Edmonton Oilers,T65
Edmonton Oilers,T6A
Edmonton Oilers,T6B
Edmonton Oilers,T6C
Edmonton Oilers,T6E
Edmonton Oilers,T6G
Edmonton Oilers,T6H
Edmonton Oilers,T6J
Edmonton Oilers,T6K
Edmonton Oilers,T6L
Edmonton Oilers,T6M
Edmonton Oilers,T6N
Edmonton Oilers,T6P
Edmonton Oilers,T6R
Calgary Flames,T6S
Edmonton Oilers,T6T
Edmonton Oilers,T6V
Edmonton Oilers,T6W
Edmonton Oilers,T6X
Edmonton Oilers,T78
Edmonton Oilers,T7A
Edmonton Oilers,T7E
Edmonton Oilers,T7K
Edmonton Oilers,T7N
Edmonton Oilers,T7P
Edmonton Oilers,T7S
Edmonton Oilers,T7V
Edmonton Oilers,T7X
Edmonton Oilers,T7Y
Edmonton Oilers,T7Z
Edmonton Oilers,T8A
Edmonton Oilers,T8B
Edmonton Oilers,T8C
Edmonton Oilers,T8E
Edmonton Oilers,T8G
Edmonton Oilers,T8H
Edmonton Oilers,T8L
Edmonton Oilers,T8N
Calgary Flames,T8P
Edmonton Oilers,T8R
Edmonton Oilers,T8S
Edmonton Oilers,T8T
Edmonton Oilers,T8V
Edmonton Oilers,T8W
Edmonton Oilers,T8X
Edmonton Oilers,T9A
Edmonton Oilers,T9C
Edmonton Oilers,T9E
Edmonton Oilers,T9G
Edmonton Oilers,T9H
Edmonton Oilers,T9J
Edmonton Oilers,T9K
Edmonton Oilers,T9M
Edmonton Oilers,T9N
Edmonton Oilers,T9S
Edmonton Oilers,T9V
Edmonton Oilers,T9W
Edmonton Oilers,T9X
Edmonton Oilers,TAL
Calgary Flames,TG3
Edmonton Oilers,TG6
Edmonton Oilers,THE
Calgary Flames,TIL
Calgary Flames,TIR
Calgary Flames,TIX
Toronto Maple Leafs,TL1
Edmonton Oilers,TN2
Vancouver Canucks,TN6
Montreal Canadiens,TOA
NHL All Star Game,TOB
Vegas Golden Knights,TOC
Edmonton Oilers,TOE
Edmonton Oilers,TOG
Edmonton Oilers,TOH
Edmonton Oilers,TOJ
Los Angeles Kings,TOK
Calgary Flames,TOL
Edmonton Oilers,TOM
Calgary Flames,TR4
Edmonton Oilers,TS8
New Jersey Devils,UB6
Calgary Flames,V0A
Calgary Flames,V0B
Edmonton Oilers,V0C
Vancouver Canucks,V0E
Vancouver Canucks,V0G
Vancouver Canucks,V0H
Vancouver Canucks,V0J
Vancouver Canucks,V0K
Vancouver Canucks,V0L
Vancouver Canucks,V0M
Vancouver Canucks,V0N
Vancouver Canucks,V0P
Vancouver Canucks,V0R
Vancouver Canucks,V0S
Vancouver Canucks,V0T
Edmonton Oilers,V0V
Florida Panthers,V0W
Vancouver Canucks,V0X
Edmonton Oilers,V16
Calgary Flames,V1A
Vancouver Canucks,V1B
Calgary Flames,V1C
Vancouver Canucks,V1E
Vegas Golden Knights,V1G
Vancouver Canucks,V1H
Edmonton Oilers,V1J
Vancouver Canucks,V1K
Vancouver Canucks,V1L
Vancouver Canucks,V1M
Vancouver Canucks,V1N
Vancouver Canucks,V1P
Vancouver Canucks,V1R
Vancouver Canucks,V1S
Vegas Golden Knights,V1T
Vancouver Canucks,V1V
Vegas Golden Knights,V1W
Vancouver Canucks,V1X
Vancouver Canucks,V1Y
Vancouver Canucks,V1Z
Vancouver Canucks,V20
Vancouver Canucks,V28
Vancouver Canucks,V2A
Vancouver Canucks,V2B
Vancouver Canucks,V2C
Vancouver Canucks,V2E
Vancouver Canucks,V2G
Vancouver Canucks,V2H
Vancouver Canucks,V2J
Vancouver Canucks,V2K
Vancouver Canucks,V2L
Vancouver Canucks,V2M
Vancouver Canucks,V2N
Vancouver Canucks,V2P
Vancouver Canucks,V2R
Vancouver Canucks,V2S
Vancouver Canucks,V2T
Vancouver Canucks,V2V
Vancouver Canucks,V2W
Vancouver Canucks,V2X
Vancouver Canucks,V2Y
Vancouver Canucks,V2Z
Vancouver Canucks,V31
Vancouver Canucks,V3A
Vancouver Canucks,V3B
Vancouver Canucks,V3C
Vancouver Canucks,V3E
Vancouver Canucks,V3G
Vancouver Canucks,V3H
Vancouver Canucks,V3J
Vancouver Canucks,V3K
Vancouver Canucks,V3L
Vancouver Canucks,V3M
Vancouver Canucks,V3N
Vancouver Canucks,V3R
Vancouver Canucks,V3S
Vancouver Canucks,V3T
Vancouver Canucks,V3V
Vancouver Canucks,V3W
Vancouver Canucks,V3X
Vancouver Canucks,V3Y
Vancouver Canucks,V3Z
Vancouver Canucks,V4A
Vancouver Canucks,V4B
Vancouver Canucks,V4C
Vancouver Canucks,V4E
Vancouver Canucks,V4G
Vancouver Canucks,V4H
Vancouver Canucks,V4K
Vancouver Canucks,V4L
Vancouver Canucks,V4M
Vancouver Canucks,V4N
Vancouver Canucks,V4P
Vancouver Canucks,V4R
Vancouver Canucks,V4S
Vancouver Canucks,V4T
Vancouver Canucks,V4V
Vancouver Canucks,V4W
Boston Bruins,V4X
Vancouver Canucks,V4Z
Vancouver Canucks,V5A
Vancouver Canucks,V5B
Vancouver Canucks,V5C
Vancouver Canucks,V5E
Vancouver Canucks,V5G
Vancouver Canucks,V5H
Vancouver Canucks,V5J
Vancouver Canucks,V5K
Vancouver Canucks,V5L
Vancouver Canucks,V5M
Vancouver Canucks,V5N
Vancouver Canucks,V5P
Vancouver Canucks,V5R
Vancouver Canucks,V5S
Vancouver Canucks,V5T
Vancouver Canucks,V5V
Vancouver Canucks,V5W
Vancouver Canucks,V5X
Vancouver Canucks,V5Y
Vancouver Canucks,V5Z
Vancouver Canucks,V62
Vancouver Canucks,V64
Vancouver Canucks,V6A
Vancouver Canucks,V6B
Vancouver Canucks,V6C
Vancouver Canucks,V6E
Vancouver Canucks,V6G
Vancouver Canucks,V6H
Vancouver Canucks,V6J
Vancouver Canucks,V6K
Vancouver Canucks,V6L
Vancouver Canucks,V6M
Vancouver Canucks,V6N
Vancouver Canucks,V6P
Vancouver Canucks,V6R
Vancouver Canucks,V6S
Vancouver Canucks,V6T
Vancouver Canucks,V6V
Vancouver Canucks,V6W
Vancouver Canucks,V6X
Vancouver Canucks,V6Y
Vancouver Canucks,V6Z
Vancouver Canucks,V78
Vancouver Canucks,V7A
Vancouver Canucks,V7B
Vancouver Canucks,V7C
Vancouver Canucks,V7E
Vancouver Canucks,V7G
Vancouver Canucks,V7H
Vancouver Canucks,V7J
Vancouver Canucks,V7K
Vancouver Canucks,V7L
Vancouver Canucks,V7M
Vancouver Canucks,V7N
Vancouver Canucks,V7P
Vancouver Canucks,V7R
Vancouver Canucks,V7S
Vancouver Canucks,V7T
Vancouver Canucks,V7V
Vancouver Canucks,V7W
Vancouver Canucks,V7X
Vegas Golden Knights,V7Y
Vancouver Canucks,V8A
Vancouver Canucks,V8B
Vancouver Canucks,V8C
Vancouver Canucks,V8E
Vegas Golden Knights,V8G
Vancouver Canucks,V8J
Vancouver Canucks,V8K
Vancouver Canucks,V8L
Vancouver Canucks,V8M
Vancouver Canucks,V8N
Vancouver Canucks,V8P
Vancouver Canucks,V8R
Vancouver Canucks,V8S
Vancouver Canucks,V8T
Vancouver Canucks,V8V
Vancouver Canucks,V8W
Vancouver Canucks,V8X
Vancouver Canucks,V8Y
Vancouver Canucks,V8Z
Vancouver Canucks,V9A
Vancouver Canucks,V9B
Vancouver Canucks,V9C
Vancouver Canucks,V9E
Vancouver Canucks,V9G
Vancouver Canucks,V9H
Vegas Golden Knights,V9J
Vancouver Canucks,V9K
Vancouver Canucks,V9L
Vancouver Canucks,V9M
Vancouver Canucks,V9N
Vancouver Canucks,V9P
Vancouver Canucks,V9R
Vancouver Canucks,V9S
Vancouver Canucks,V9T
Vancouver Canucks,V9V
Vancouver Canucks,V9W
Vancouver Canucks,V9X
Vancouver Canucks,V9Y
Vancouver Canucks,V9Z
Vancouver Canucks,VER
Philadelphia Flyers,VGA
Vancouver Canucks,VIG
Vancouver Canucks,VIX
New York Rangers,VIZ
Edmonton Oilers,VOB
Dallas Stars,VOC
Edmonton Oilers,VOE
Vegas Golden Knights,VOJ
Vancouver Canucks,VOK
Vancouver Canucks,VOM
Vancouver Canucks,VON
Vancouver Canucks,VOR
Vancouver Canucks,VOX
Vancouver Canucks,VR4
Vancouver Canucks,VX8
Vancouver Canucks,W3K
Edmonton Oilers,X03
Ottawa Senators,X0A
Edmonton Oilers,X0B
Winnipeg Jets,X0C
Edmonton Oilers,X0E
Edmonton Oilers,X0G
Edmonton Oilers,X1A
Montreal Canadiens,X1L
Vegas Golden Knights,X1W
Winnipeg Jets,XOC
Edmonton Oilers,XOE
Vancouver Canucks,Y0A
Vancouver Canucks,Y0B
Vancouver Canucks,Y1A
Vancouver Canucks,Y7P
Edmonton Oilers,Z0E
Edmonton Oilers,Z0J
Edmonton Oilers,Z0M
Vancouver Canucks,Z0N